Ingredients / Raw Ingredients,Product Name
Pork,Bacon
Pork,Bacon Ends
Pork,"Bacon, Canadian"
Pork,"Bacon, Jowl"
Chicken,Breast (Bone-In)
Lamb,Breast (Bone-In)
Chicken,"Breast (Boneless, Skin-on)"
Chicken,"Breast (Boneless, Skinless)"
Beef,Brisket
Pork,"Chops, Butt (Bone-In)"
Mutton,"Chops, Loin"
Lamb,"Chops, Loin"
Pork,"Chops, Loin (Bone-In)"
Mutton,"Chops, Rib"
Lamb,"Chops, Rib"
Lamb,"Chops, Shoulder"
Pork,"Chops, Sirloin (Bone-In) 1/pk"
Chicken,Drumsticks (Bone-In)
Lamb,Ground
Mutton,Ground
Beef,Ground Beef
Pork,"Ham Steak, Smoked"
Pork,"Ham, Fresh Whole"
Pork,"Hocks, Fresh"
Pork,"Hocks, Smoked"
Lamb,Kabob
Beef,Kabobs
Mutton,Kabobs
Beef,Offal / Offcut: Bones
Pork,Offal / Offcut: Bones
Chicken,Offal / Offcut: Bones
Pork,Offal / Offcut: Fat Back
Pork,Offal / Offcut: Head (whole)
Beef,Offal / Offcut: Heart
Mutton,Offal / Offcut: Heart
Pork,Offal / Offcut: Heart
Beef,Offal / Offcut: Kidney
Mutton,Offal / Offcut: Kidney
Pork,Offal / Offcut: Leaf Lard
Mutton,Offal / Offcut: Liver
Pork,Offal / Offcut: Liver
Beef,Offal / Offcut: Liver
Chicken,Offal / Offcut: Neck
Beef,Offal / Offcut: Oxtail
Pork,Offal / Offcut: Tail
Mutton,Offal / Offcut: Tongue
Beef,Offal / Offcut: Tongue
Pork,Offal / Offcut: Trotters
Mutton,Riblets
Pork,"Ribs, Country Style"
Beef,"Ribs, Short"
Pork,"Ribs, Spare"
Beef,"Roast, Bottom Round / Face Rump"
Pork,"Roast, Butt (Boneless)"
Beef,"Roast, Eye Round"
Lamb,"Roast, Leg (bone-in)"
Mutton,"Roast, Leg (Bone-In)"
Pork,"Roast, Loin (Bone-In)"
Pork,"Roast, Picnic (Bone-In)"
Pork,"Roast, Picnic, Smoked, Half"
Mutton,"Roast, Rib (Rack of Mutton)"
Beef,"Roast, Rib (Standing)"
Lamb,"Roast, Shoulder (Bone-In)"
Pork,"Roast, Shoulder (Bone-In)"
Beef,"Roast, Shoulder (Boneless)"
Beef,"Roast, Sirloin Tip"
Beef,"Roast, Top Round"
Beef,"Roast, Tri Tip"
Pork,"Sausage, Bratwurst Bulk"
Pork,"Sausage, Chorizo Bulk"
Pork,"Sausage, Hot Italian Links"
Lamb,"Sausage, Jalapeno Links"
Beef,"Sausage, Kielbasa Links"
Pork,"Sausage, Maple Breakfast Bulk"
Pork,"Sausage, Sweet Italian Bulk"
Beef,Shank
Beef,"Shank, Whole"
Lamb,Shanks
Mutton,Shanks
Pork,"Shoulder, Fresh, Half"
Beef,"Steak, Chuck"
Beef,"Steak, Chuckeye"
Beef,"Steak, Denver"
Beef,"Steak, Filet Mignon"
Beef,"Steak, Inside Skirt"
Mutton,"Steak, Leg"
Beef,"Steak, London Broil"
Beef,"Steak, NY Sirloin (Bone-In)"
Beef,"Steak, NY Sirloin (Boneless)"
Beef,"Steak, NY Strip (Boneless) / Sirloin Strip"
Beef,"Steak, Outside Skirt"
Beef,"Steak, Oyster"
Beef,"Steak, Petite Tender"
Beef,"Steak, Porterhouse"
Beef,"Steak, Ribeye (Bone-In)"
Beef,"Steak, T-Bone"
Beef,"Steak, Tenderloin Tail"
Lamb,Stew (Bone-In)
Mutton,Stew (Boneless)
Beef,Stew Meat
Chicken,"Thighs (Bone-In, Skin-on)"
Chicken,Whole Chicken
Chicken,Whole Legs
Chicken,"Wings, Cutup"
Chicken,"Wings, Whole"